run_id,dest,depart,price
2026-10-08T23:43Z,BZN,2026-12-03,449
2026-10-08T23:43Z,LAX,2026-11-12,307
2026-10-08T23:43Z,RSW,2026-12-03,448
2026-10-08T23:43Z,FLL,2026-10-29,359
2026-10-08T23:43Z,PWM,2026-11-05,457
2026-10-09T12:43Z,STL,2026-12-03,288
2026-10-09T12:43Z,BZN,2026-12-17,449
2026-10-09T12:43Z,MSP,2026-12-03,283
2026-10-09T12:43Z,MHT,2026-11-05,481
2026-10-09T12:43Z,CLE,2026-12-03,273
2026-10-09T12:43Z,MSY,2026-12-17,460
2026-10-09T12:43Z,PVD,2026-12-03,456
2026-10-09T23:43Z,STL,2026-11-05,288
2026-10-09T23:43Z,MSP,2026-11-12,283
2026-10-09T23:43Z,CLE,2026-11-12,273
2026-10-09T23:43Z,PVD,2026-12-10,456
2026-10-10T12:43Z,FLL,2026-11-12,315
2026-10-10T12:43Z,STL,2026-12-10,288
2026-10-10T12:43Z,MSP,2026-11-05,283
2026-10-10T12:43Z,CLE,2026-12-10,273
2026-10-10T23:43Z,STL,2026-11-12,288
2026-10-10T23:43Z,BHM,2026-12-03,412
